               epoch,      train/box_loss,      train/obj_loss,      train/cls_loss,   metrics/precision,      metrics/recall,     metrics/mAP_0.5,metrics/mAP_0.5:0.95,        val/box_loss,        val/obj_loss,        val/cls_loss,               x/lr0,               x/lr1,               x/lr2
                   0,             0.10134,             0.10022,            0.070122,                   0,                   0,                   0,                   0,                 nan,                 nan,                 nan,            0.070197,           0.0033114,           0.0033114
                   1,            0.074923,            0.079107,            0.062208,                   0,                   0,                   0,                   0,                 nan,                 nan,                 nan,            0.040175,           0.0066228,           0.0066228
                   2,            0.074179,            0.074158,             0.05984,                   0,                   0,                   0,                   0,                 nan,                 nan,                 nan,            0.010132,           0.0099122,           0.0099122
                   3,             0.06804,            0.072619,            0.058361,                   0,                   0,                   0,                   0,                 nan,                 nan,                 nan,            0.009901,            0.009901,            0.009901
                   4,            0.058042,            0.070191,            0.057151,                   0,                   0,                   0,                   0,                 nan,                 nan,                 nan,            0.009901,            0.009901,            0.009901
                   5,            0.053279,            0.069958,            0.054804,                   0,                   0,                   0,                   0,                 nan,                 nan,                 nan,            0.009868,            0.009868,            0.009868
                   6,            0.050728,            0.065711,             0.05293,                   0,                   0,                   0,                   0,                 nan,                 nan,                 nan,            0.009835,            0.009835,            0.009835
                   7,            0.047939,            0.064077,            0.050194,                   0,                   0,                   0,                   0,                 nan,                 nan,                 nan,            0.009802,            0.009802,            0.009802
                   8,            0.043118,            0.064973,             0.04641,                   0,                   0,                   0,                   0,                 nan,                 nan,                 nan,            0.009769,            0.009769,            0.009769
                   9,            0.043769,            0.066774,            0.043678,                   0,                   0,                   0,                   0,                 nan,                 nan,                 nan,            0.009736,            0.009736,            0.009736
                  10,            0.043266,            0.062794,             0.04091,                   0,                   0,                   0,                   0,                 nan,                 nan,                 nan,            0.009703,            0.009703,            0.009703
                  11,            0.040707,            0.063926,            0.038488,                   0,                   0,                   0,                   0,                 nan,                 nan,                 nan,             0.00967,             0.00967,             0.00967
                  12,            0.040278,            0.063046,            0.037115,                   0,                   0,                   0,                   0,                 nan,                 nan,                 nan,            0.009637,            0.009637,            0.009637
                  13,            0.039748,            0.059745,            0.034909,                   0,                   0,                   0,                   0,                 nan,                 nan,                 nan,            0.009604,            0.009604,            0.009604
                  14,            0.037933,            0.059188,            0.033467,                   0,                   0,                   0,                   0,                 nan,                 nan,                 nan,            0.009571,            0.009571,            0.009571
                  15,            0.038278,             0.06156,            0.031427,                   0,                   0,                   0,                   0,                 nan,                 nan,                 nan,            0.009538,            0.009538,            0.009538
                  16,            0.038766,            0.057023,            0.029183,                   0,                   0,                   0,                   0,                 nan,                 nan,                 nan,            0.009505,            0.009505,            0.009505
                  17,            0.037483,            0.061001,            0.027246,                   0,                   0,                   0,                   0,                 nan,                 nan,                 nan,            0.009472,            0.009472,            0.009472
                  18,            0.037773,            0.059899,            0.025848,                   0,                   0,                   0,                   0,                 nan,                 nan,                 nan,            0.009439,            0.009439,            0.009439
                  19,            0.036648,            0.056435,            0.023874,                   0,                   0,                   0,                   0,                 nan,                 nan,                 nan,            0.009406,            0.009406,            0.009406
                  20,            0.036125,             0.05677,            0.022449,                   0,                   0,                   0,                   0,                 nan,                 nan,                 nan,            0.009373,            0.009373,            0.009373
                  21,            0.034844,            0.055032,             0.02093,                   0,                   0,                   0,                   0,                 nan,                 nan,                 nan,             0.00934,             0.00934,             0.00934
                  22,             0.03608,            0.056379,            0.019552,                   0,                   0,                   0,                   0,                 nan,                 nan,                 nan,            0.009307,            0.009307,            0.009307
                  23,            0.035082,            0.053888,            0.018868,                   0,                   0,                   0,                   0,                 nan,                 nan,                 nan,            0.009274,            0.009274,            0.009274
                  24,            0.035214,            0.056209,            0.017703,                   0,                   0,                   0,                   0,                 nan,                 nan,                 nan,            0.009241,            0.009241,            0.009241
                  25,            0.034518,            0.055179,            0.016811,                   0,                   0,                   0,                   0,                 nan,                 nan,                 nan,            0.009208,            0.009208,            0.009208
                  26,            0.034227,            0.052525,            0.015472,                   0,                   0,                   0,                   0,                 nan,                 nan,                 nan,            0.009175,            0.009175,            0.009175
                  27,            0.033615,            0.053721,            0.015539,                   0,                   0,                   0,                   0,                 nan,                 nan,                 nan,            0.009142,            0.009142,            0.009142
                  28,            0.033532,            0.053955,            0.014647,                   0,                   0,                   0,                   0,                 nan,                 nan,                 nan,            0.009109,            0.009109,            0.009109
                  29,            0.032836,            0.053492,             0.01407,                   0,                   0,                   0,                   0,                 nan,                 nan,                 nan,            0.009076,            0.009076,            0.009076
                  30,             0.03262,            0.052666,            0.013331,                   0,                   0,                   0,                   0,                 nan,                 nan,                 nan,            0.009043,            0.009043,            0.009043
                  31,            0.031297,            0.056503,            0.012642,                   0,                   0,                   0,                   0,                 nan,                 nan,                 nan,             0.00901,             0.00901,             0.00901
                  32,             0.03297,            0.053756,            0.011922,                   0,                   0,                   0,                   0,                 nan,                 nan,                 nan,            0.008977,            0.008977,            0.008977
                  33,            0.031944,            0.055959,            0.011931,                   0,                   0,                   0,                   0,                 nan,                 nan,                 nan,            0.008944,            0.008944,            0.008944
                  34,            0.031845,            0.053798,            0.011178,                   0,                   0,                   0,                   0,                 nan,                 nan,                 nan,            0.008911,            0.008911,            0.008911
                  35,             0.03195,            0.053319,            0.010789,                   0,                   0,                   0,                   0,                 nan,                 nan,                 nan,            0.008878,            0.008878,            0.008878
                  36,            0.030672,            0.052974,            0.010452,                   0,                   0,                   0,                   0,                 nan,                 nan,                 nan,            0.008845,            0.008845,            0.008845
                  37,            0.030508,            0.051501,            0.010362,                   0,                   0,                   0,                   0,                 nan,                 nan,                 nan,            0.008812,            0.008812,            0.008812
                  38,            0.031424,            0.055284,           0.0097131,                   0,                   0,                   0,                   0,                 nan,                 nan,                 nan,            0.008779,            0.008779,            0.008779
                  39,            0.030693,              0.0546,           0.0092609,                   0,                   0,                   0,                   0,                 nan,                 nan,                 nan,            0.008746,            0.008746,            0.008746
                  40,            0.030627,            0.054304,           0.0091191,                   0,                   0,                   0,                   0,                 nan,                 nan,                 nan,            0.008713,            0.008713,            0.008713
                  41,                0.03,            0.052293,           0.0090341,                   0,                   0,                   0,                   0,                 nan,                 nan,                 nan,             0.00868,             0.00868,             0.00868
                  42,            0.030127,            0.052919,           0.0090127,                   0,                   0,                   0,                   0,                 nan,                 nan,                 nan,            0.008647,            0.008647,            0.008647
                  43,            0.029474,             0.05009,           0.0082879,                   0,                   0,                   0,                   0,                 nan,                 nan,                 nan,            0.008614,            0.008614,            0.008614
                  44,            0.029788,            0.052468,           0.0081258,                   0,                   0,                   0,                   0,                 nan,                 nan,                 nan,            0.008581,            0.008581,            0.008581
                  45,            0.028751,            0.051659,           0.0081074,                   0,                   0,                   0,                   0,                 nan,                 nan,                 nan,            0.008548,            0.008548,            0.008548
                  46,            0.029614,            0.053261,           0.0081768,                   0,                   0,                   0,                   0,                 nan,                 nan,                 nan,            0.008515,            0.008515,            0.008515
                  47,            0.029094,            0.053228,            0.007979,                   0,                   0,                   0,                   0,                 nan,                 nan,                 nan,            0.008482,            0.008482,            0.008482
                  48,            0.028357,            0.049785,           0.0076382,                   0,                   0,                   0,                   0,                 nan,                 nan,                 nan,            0.008449,            0.008449,            0.008449
                  49,            0.028804,            0.053345,           0.0075074,                   0,                   0,                   0,                   0,                 nan,                 nan,                 nan,            0.008416,            0.008416,            0.008416
                  50,            0.028693,            0.052083,            0.007716,                   0,                   0,                   0,                   0,                 nan,                 nan,                 nan,            0.008383,            0.008383,            0.008383
                  51,            0.028331,            0.050047,           0.0074205,                   0,                   0,                   0,                   0,                 nan,                 nan,                 nan,             0.00835,             0.00835,             0.00835
                  52,            0.028727,            0.051931,           0.0076851,                   0,                   0,                   0,                   0,                 nan,                 nan,                 nan,            0.008317,            0.008317,            0.008317
                  53,            0.027928,            0.049335,           0.0074075,                   0,                   0,                   0,                   0,                 nan,                 nan,                 nan,            0.008284,            0.008284,            0.008284
                  54,            0.027645,            0.049985,           0.0073313,                   0,                   0,                   0,                   0,                 nan,                 nan,                 nan,            0.008251,            0.008251,            0.008251
                  55,            0.027703,            0.048067,            0.006935,                   0,                   0,                   0,                   0,                 nan,                 nan,                 nan,            0.008218,            0.008218,            0.008218
                  56,            0.026468,            0.049545,           0.0067678,                   0,                   0,                   0,                   0,                 nan,                 nan,                 nan,            0.008185,            0.008185,            0.008185
                  57,            0.026894,             0.04788,           0.0070923,                   0,                   0,                   0,                   0,                 nan,                 nan,                 nan,            0.008152,            0.008152,            0.008152
                  58,            0.028127,            0.050506,           0.0065648,                   0,                   0,                   0,                   0,                 nan,                 nan,                 nan,            0.008119,            0.008119,            0.008119
                  59,            0.026653,              0.0494,           0.0069377,                   0,                   0,                   0,                   0,                 nan,                 nan,                 nan,            0.008086,            0.008086,            0.008086
                  60,            0.026996,            0.049548,           0.0068087,                   0,                   0,                   0,                   0,                 nan,                 nan,                 nan,            0.008053,            0.008053,            0.008053
                  61,            0.027048,            0.049558,           0.0067403,                   0,                   0,                   0,                   0,                 nan,                 nan,                 nan,             0.00802,             0.00802,             0.00802
                  62,            0.027067,            0.046722,            0.006726,                   0,                   0,                   0,                   0,                 nan,                 nan,                 nan,            0.007987,            0.007987,            0.007987
                  63,            0.026718,            0.050625,           0.0064883,                   0,                   0,                   0,                   0,                 nan,                 nan,                 nan,            0.007954,            0.007954,            0.007954
                  64,            0.026509,             0.04951,           0.0064391,                   0,                   0,                   0,                   0,                 nan,                 nan,                 nan,            0.007921,            0.007921,            0.007921
                  65,             0.02632,            0.048636,           0.0065188,                   0,                   0,                   0,                   0,                 nan,                 nan,                 nan,            0.007888,            0.007888,            0.007888
                  66,            0.026841,            0.049977,           0.0062222,                   0,                   0,                   0,                   0,                 nan,                 nan,                 nan,            0.007855,            0.007855,            0.007855
                  67,            0.025993,            0.051024,           0.0064282,                   0,                   0,                   0,                   0,                 nan,                 nan,                 nan,            0.007822,            0.007822,            0.007822
                  68,            0.026578,            0.050034,           0.0064076,                   0,                   0,                   0,                   0,                 nan,                 nan,                 nan,            0.007789,            0.007789,            0.007789
                  69,            0.025811,            0.051931,           0.0063952,                   0,                   0,                   0,                   0,                 nan,                 nan,                 nan,            0.007756,            0.007756,            0.007756
                  70,            0.025875,             0.04655,           0.0063852,                   0,                   0,                   0,                   0,                 nan,                 nan,                 nan,            0.007723,            0.007723,            0.007723
                  71,            0.024986,            0.047671,           0.0059535,                   0,                   0,                   0,                   0,                 nan,                 nan,                 nan,             0.00769,             0.00769,             0.00769
                  72,            0.025811,            0.050686,           0.0060767,                   0,                   0,                   0,                   0,                 nan,                 nan,                 nan,            0.007657,            0.007657,            0.007657
                  73,            0.024526,            0.047173,           0.0058744,                   0,                   0,                   0,                   0,                 nan,                 nan,                 nan,            0.007624,            0.007624,            0.007624
                  74,            0.025863,            0.048321,           0.0059013,                   0,                   0,                   0,                   0,                 nan,                 nan,                 nan,            0.007591,            0.007591,            0.007591
                  75,            0.025583,            0.050218,           0.0056946,                   0,                   0,                   0,                   0,                 nan,                 nan,                 nan,            0.007558,            0.007558,            0.007558
                  76,            0.025584,            0.048539,           0.0060509,                   0,                   0,                   0,                   0,                 nan,                 nan,                 nan,            0.007525,            0.007525,            0.007525
                  77,            0.025328,            0.048908,           0.0057829,                   0,                   0,                   0,                   0,                 nan,                 nan,                 nan,            0.007492,            0.007492,            0.007492
                  78,            0.025386,            0.046906,           0.0057247,                   0,                   0,                   0,                   0,                 nan,                 nan,                 nan,            0.007459,            0.007459,            0.007459
                  79,            0.024131,            0.047618,           0.0056808,                   0,                   0,                   0,                   0,                 nan,                 nan,                 nan,            0.007426,            0.007426,            0.007426
                  80,            0.023622,            0.044406,           0.0061117,                   0,                   0,                   0,                   0,                 nan,                 nan,                 nan,            0.007393,            0.007393,            0.007393
                  81,            0.024006,            0.045999,           0.0056619,                   0,                   0,                   0,                   0,                 nan,                 nan,                 nan,             0.00736,             0.00736,             0.00736
                  82,            0.023957,            0.048792,           0.0054134,                   0,                   0,                   0,                   0,                 nan,                 nan,                 nan,            0.007327,            0.007327,            0.007327
                  83,            0.024779,            0.049959,           0.0052397,                   0,                   0,                   0,                   0,                 nan,                 nan,                 nan,            0.007294,            0.007294,            0.007294
                  84,            0.025465,            0.049165,           0.0054501,                   0,                   0,                   0,                   0,                 nan,                 nan,                 nan,            0.007261,            0.007261,            0.007261
                  85,            0.024623,            0.049872,           0.0055122,                   0,                   0,                   0,                   0,                 nan,                 nan,                 nan,            0.007228,            0.007228,            0.007228
                  86,             0.02438,            0.044166,           0.0051975,                   0,                   0,                   0,                   0,                 nan,                 nan,                 nan,            0.007195,            0.007195,            0.007195
                  87,            0.023677,            0.047349,           0.0055353,                   0,                   0,                   0,                   0,                 nan,                 nan,                 nan,            0.007162,            0.007162,            0.007162
                  88,            0.024202,            0.046976,           0.0052637,                   0,                   0,                   0,                   0,                 nan,                 nan,                 nan,            0.007129,            0.007129,            0.007129
                  89,            0.023463,            0.050478,           0.0054719,                   0,                   0,                   0,                   0,                 nan,                 nan,                 nan,            0.007096,            0.007096,            0.007096
                  90,            0.024464,             0.04572,           0.0052977,                   0,                   0,                   0,                   0,                 nan,                 nan,                 nan,            0.007063,            0.007063,            0.007063
                  91,            0.023693,            0.044722,            0.005258,                   0,                   0,                   0,                   0,                 nan,                 nan,                 nan,             0.00703,             0.00703,             0.00703
                  92,            0.024297,            0.049635,           0.0052975,                   0,                   0,                   0,                   0,                 nan,                 nan,                 nan,            0.006997,            0.006997,            0.006997
                  93,            0.024126,            0.047591,           0.0052487,                   0,                   0,                   0,                   0,                 nan,                 nan,                 nan,            0.006964,            0.006964,            0.006964
                  94,            0.024171,            0.048355,           0.0053139,                   0,                   0,                   0,                   0,                 nan,                 nan,                 nan,            0.006931,            0.006931,            0.006931
                  95,            0.023293,            0.047636,           0.0049923,                   0,                   0,                   0,                   0,                 nan,                 nan,                 nan,            0.006898,            0.006898,            0.006898
                  96,            0.024057,            0.046029,           0.0048266,                   0,                   0,                   0,                   0,                 nan,                 nan,                 nan,            0.006865,            0.006865,            0.006865
                  97,            0.022614,            0.045214,           0.0051648,                   0,                   0,                   0,                   0,                 nan,                 nan,                 nan,            0.006832,            0.006832,            0.006832
                  98,            0.023506,             0.04639,           0.0049583,                   0,                   0,                   0,                   0,                 nan,                 nan,                 nan,            0.006799,            0.006799,            0.006799
                  99,            0.022675,            0.048798,           0.0049789,                   0,                   0,                   0,                   0,                 nan,                 nan,                 nan,            0.006766,            0.006766,            0.006766
                 100,            0.023206,            0.047261,           0.0046562,                   0,                   0,                   0,                   0,                 nan,                 nan,                 nan,            0.006733,            0.006733,            0.006733
                 101,            0.023373,            0.048814,           0.0047833,                   0,                   0,                   0,                   0,                 nan,                 nan,                 nan,              0.0067,              0.0067,              0.0067
                 102,            0.024007,            0.046898,           0.0049537,                   0,                   0,                   0,                   0,                 nan,                 nan,                 nan,            0.006667,            0.006667,            0.006667
                 103,            0.023292,            0.047951,           0.0046195,                   0,                   0,                   0,                   0,                 nan,                 nan,                 nan,            0.006634,            0.006634,            0.006634
                 104,            0.023089,            0.045127,           0.0047531,                   0,                   0,                   0,                   0,                 nan,                 nan,                 nan,            0.006601,            0.006601,            0.006601
                 105,            0.022179,            0.046761,           0.0047288,                   0,                   0,                   0,                   0,                 nan,                 nan,                 nan,            0.006568,            0.006568,            0.006568
                 106,            0.023087,            0.043742,           0.0048311,                   0,                   0,                   0,                   0,                 nan,                 nan,                 nan,            0.006535,            0.006535,            0.006535
                 107,            0.022695,            0.046812,           0.0047804,                   0,                   0,                   0,                   0,                 nan,                 nan,                 nan,            0.006502,            0.006502,            0.006502
                 108,            0.022877,             0.04536,            0.004873,                   0,                   0,                   0,                   0,                 nan,                 nan,                 nan,            0.006469,            0.006469,            0.006469
                 109,            0.022336,            0.047797,           0.0045995,                   0,                   0,                   0,                   0,                 nan,                 nan,                 nan,            0.006436,            0.006436,            0.006436
                 110,            0.023148,            0.048513,           0.0047539,                   0,                   0,                   0,                   0,                 nan,                 nan,                 nan,            0.006403,            0.006403,            0.006403
                 111,            0.021767,             0.04978,            0.004578,                   0,                   0,                   0,                   0,                 nan,                 nan,                 nan,             0.00637,             0.00637,             0.00637
                 112,            0.023208,            0.047737,           0.0045398,                   0,                   0,                   0,                   0,                 nan,                 nan,                 nan,            0.006337,            0.006337,            0.006337
                 113,            0.022324,             0.04567,           0.0043453,                   0,                   0,                   0,                   0,                 nan,                 nan,                 nan,            0.006304,            0.006304,            0.006304
                 114,            0.022893,            0.047286,           0.0047624,                   0,                   0,                   0,                   0,                 nan,                 nan,                 nan,            0.006271,            0.006271,            0.006271
                 115,            0.022129,            0.044128,           0.0043683,                   0,                   0,                   0,                   0,                 nan,                 nan,                 nan,            0.006238,            0.006238,            0.006238
                 116,            0.022671,            0.045963,           0.0045323,                   0,                   0,                   0,                   0,                 nan,                 nan,                 nan,            0.006205,            0.006205,            0.006205
                 117,            0.022023,            0.046129,           0.0045298,                   0,                   0,                   0,                   0,                 nan,                 nan,                 nan,            0.006172,            0.006172,            0.006172
                 118,            0.022905,             0.04597,           0.0048525,                   0,                   0,                   0,                   0,                 nan,                 nan,                 nan,            0.006139,            0.006139,            0.006139
                 119,            0.021719,            0.045225,           0.0045922,                   0,                   0,                   0,                   0,                 nan,                 nan,                 nan,            0.006106,            0.006106,            0.006106
                 120,            0.022356,            0.046082,           0.0044899,                   0,                   0,                   0,                   0,                 nan,                 nan,                 nan,            0.006073,            0.006073,            0.006073
                 121,            0.021228,            0.045261,           0.0043736,                   0,                   0,                   0,                   0,                 nan,                 nan,                 nan,             0.00604,             0.00604,             0.00604
                 122,            0.022286,            0.046059,           0.0045438,                   0,                   0,                   0,                   0,                 nan,                 nan,                 nan,            0.006007,            0.006007,            0.006007
                 123,            0.021798,            0.047668,           0.0044223,                   0,                   0,                   0,                   0,                 nan,                 nan,                 nan,            0.005974,            0.005974,            0.005974
                 124,            0.022051,            0.043655,           0.0042727,                   0,                   0,                   0,                   0,                 nan,                 nan,                 nan,            0.005941,            0.005941,            0.005941
                 125,            0.021463,            0.046017,           0.0042614,                   0,                   0,                   0,                   0,                 nan,                 nan,                 nan,            0.005908,            0.005908,            0.005908
                 126,            0.022029,            0.044006,           0.0041516,                   0,                   0,                   0,                   0,                 nan,                 nan,                 nan,            0.005875,            0.005875,            0.005875
                 127,            0.021266,            0.044347,           0.0043698,                   0,                   0,                   0,                   0,                 nan,                 nan,                 nan,            0.005842,            0.005842,            0.005842
                 128,            0.021827,            0.044628,           0.0042586,                   0,                   0,                   0,                   0,                 nan,                 nan,                 nan,            0.005809,            0.005809,            0.005809
                 129,            0.021101,             0.04194,           0.0043317,                   0,                   0,                   0,                   0,                 nan,                 nan,                 nan,            0.005776,            0.005776,            0.005776
                 130,            0.021546,            0.044782,           0.0044483,                   0,                   0,                   0,                   0,                 nan,                 nan,                 nan,            0.005743,            0.005743,            0.005743
                 131,            0.021043,            0.043179,           0.0039389,                   0,                   0,                   0,                   0,                 nan,                 nan,                 nan,             0.00571,             0.00571,             0.00571
                 132,            0.021057,             0.04294,           0.0039448,                   0,                   0,                   0,                   0,                 nan,                 nan,                 nan,            0.005677,            0.005677,            0.005677
                 133,            0.020416,            0.045249,           0.0041656,                   0,                   0,                   0,                   0,                 nan,                 nan,                 nan,            0.005644,            0.005644,            0.005644
                 134,            0.021716,            0.045591,           0.0044097,                   0,                   0,                   0,                   0,                 nan,                 nan,                 nan,            0.005611,            0.005611,            0.005611
                 135,            0.020755,             0.04243,           0.0042506,                   0,                   0,                   0,                   0,                 nan,                 nan,                 nan,            0.005578,            0.005578,            0.005578
                 136,            0.021598,            0.043072,           0.0041365,                   0,                   0,                   0,                   0,                 nan,                 nan,                 nan,            0.005545,            0.005545,            0.005545
                 137,            0.020671,            0.043111,           0.0038894,                   0,                   0,                   0,                   0,                 nan,                 nan,                 nan,            0.005512,            0.005512,            0.005512
                 138,            0.021205,            0.044521,           0.0039693,                   0,                   0,                   0,                   0,                 nan,                 nan,                 nan,            0.005479,            0.005479,            0.005479
                 139,            0.019833,            0.042385,           0.0040097,                   0,                   0,                   0,                   0,                 nan,                 nan,                 nan,            0.005446,            0.005446,            0.005446
                 140,            0.021026,            0.042344,           0.0038751,                   0,                   0,                   0,                   0,                 nan,                 nan,                 nan,            0.005413,            0.005413,            0.005413
                 141,            0.020126,            0.042417,           0.0040305,                   0,                   0,                   0,                   0,                 nan,                 nan,                 nan,             0.00538,             0.00538,             0.00538
                 142,            0.020938,            0.046382,           0.0039657,                   0,                   0,                   0,                   0,                 nan,                 nan,                 nan,            0.005347,            0.005347,            0.005347
                 143,            0.019918,            0.040732,           0.0038713,                   0,                   0,                   0,                   0,                 nan,                 nan,                 nan,            0.005314,            0.005314,            0.005314
                 144,            0.020541,            0.043971,           0.0038544,                   0,                   0,                   0,                   0,                 nan,                 nan,                 nan,            0.005281,            0.005281,            0.005281
                 145,            0.019303,            0.040216,            0.003769,                   0,                   0,                   0,                   0,                 nan,                 nan,                 nan,            0.005248,            0.005248,            0.005248
                 146,            0.020587,            0.043942,           0.0039952,                   0,                   0,                   0,                   0,                 nan,                 nan,                 nan,            0.005215,            0.005215,            0.005215
                 147,            0.019394,            0.041332,           0.0039608,                   0,                   0,                   0,                   0,                 nan,                 nan,                 nan,            0.005182,            0.005182,            0.005182
                 148,            0.021149,            0.046012,           0.0040069,                   0,                   0,                   0,                   0,                 nan,                 nan,                 nan,            0.005149,            0.005149,            0.005149
                 149,            0.020215,            0.042055,           0.0035832,                   0,                   0,                   0,                   0,                 nan,                 nan,                 nan,            0.005116,            0.005116,            0.005116
                 150,            0.020679,            0.043651,           0.0037784,                   0,                   0,                   0,                   0,                 nan,                 nan,                 nan,            0.005083,            0.005083,            0.005083
                 151,            0.019802,            0.041225,           0.0037292,                   0,                   0,                   0,                   0,                 nan,                 nan,                 nan,             0.00505,             0.00505,             0.00505
                 152,            0.020312,            0.043621,           0.0038251,                   0,                   0,                   0,                   0,                 nan,                 nan,                 nan,            0.005017,            0.005017,            0.005017
                 153,            0.019834,            0.042142,           0.0038965,                   0,                   0,                   0,                   0,                 nan,                 nan,                 nan,            0.004984,            0.004984,            0.004984
                 154,            0.020289,            0.042439,           0.0036892,                   0,                   0,                   0,                   0,                 nan,                 nan,                 nan,            0.004951,            0.004951,            0.004951
                 155,            0.019514,            0.044166,            0.003727,                   0,                   0,                   0,                   0,                 nan,                 nan,                 nan,            0.004918,            0.004918,            0.004918
                 156,            0.020178,            0.045002,           0.0036001,                   0,                   0,                   0,                   0,                 nan,                 nan,                 nan,            0.004885,            0.004885,            0.004885
                 157,            0.019308,            0.043736,           0.0033969,                   0,                   0,                   0,                   0,                 nan,                 nan,                 nan,            0.004852,            0.004852,            0.004852
                 158,            0.019839,            0.041176,           0.0034764,                   0,                   0,                   0,                   0,                 nan,                 nan,                 nan,            0.004819,            0.004819,            0.004819
                 159,            0.019575,            0.042703,            0.003705,                   0,                   0,                   0,                   0,                 nan,                 nan,                 nan,            0.004786,            0.004786,            0.004786
                 160,            0.020146,            0.042042,           0.0036542,                   0,                   0,                   0,                   0,                 nan,                 nan,                 nan,            0.004753,            0.004753,            0.004753
                 161,            0.019345,            0.043199,           0.0035986,                   0,                   0,                   0,                   0,                 nan,                 nan,                 nan,             0.00472,             0.00472,             0.00472
                 162,             0.02024,            0.043345,           0.0035574,                   0,                   0,                   0,                   0,                 nan,                 nan,                 nan,            0.004687,            0.004687,            0.004687
                 163,            0.019485,            0.042803,           0.0038491,                   0,                   0,                   0,                   0,                 nan,                 nan,                 nan,            0.004654,            0.004654,            0.004654
                 164,            0.020076,            0.042684,           0.0036528,                   0,                   0,                   0,                   0,                 nan,                 nan,                 nan,            0.004621,            0.004621,            0.004621
                 165,            0.019663,             0.04291,           0.0035402,                   0,                   0,                   0,                   0,                 nan,                 nan,                 nan,            0.004588,            0.004588,            0.004588
                 166,            0.019952,            0.044383,           0.0035715,                   0,                   0,                   0,                   0,                 nan,                 nan,                 nan,            0.004555,            0.004555,            0.004555
                 167,            0.018727,            0.038425,           0.0036014,                   0,                   0,                   0,                   0,                 nan,                 nan,                 nan,            0.004522,            0.004522,            0.004522
                 168,            0.019524,            0.043856,           0.0034553,                   0,                   0,                   0,                   0,                 nan,                 nan,                 nan,            0.004489,            0.004489,            0.004489
                 169,             0.01897,            0.041934,           0.0036664,                   0,                   0,                   0,                   0,                 nan,                 nan,                 nan,            0.004456,            0.004456,            0.004456
                 170,            0.019004,            0.042013,           0.0033234,                   0,                   0,                   0,                   0,                 nan,                 nan,                 nan,            0.004423,            0.004423,            0.004423
                 171,             0.01879,            0.044181,           0.0036155,                   0,                   0,                   0,                   0,                 nan,                 nan,                 nan,             0.00439,             0.00439,             0.00439
                 172,             0.01902,            0.041562,           0.0034813,                   0,                   0,                   0,                   0,                 nan,                 nan,                 nan,            0.004357,            0.004357,            0.004357
                 173,            0.018734,            0.042195,           0.0032775,                   0,                   0,                   0,                   0,                 nan,                 nan,                 nan,            0.004324,            0.004324,            0.004324
                 174,            0.019644,            0.042212,           0.0036345,                   0,                   0,                   0,                   0,                 nan,                 nan,                 nan,            0.004291,            0.004291,            0.004291
                 175,               0.018,            0.039009,           0.0036783,                   0,                   0,                   0,                   0,                 nan,                 nan,                 nan,            0.004258,            0.004258,            0.004258
                 176,            0.019059,            0.041035,           0.0032935,                   0,                   0,                   0,                   0,                 nan,                 nan,                 nan,            0.004225,            0.004225,            0.004225
                 177,            0.019262,            0.043309,           0.0032243,                   0,                   0,                   0,                   0,                 nan,                 nan,                 nan,            0.004192,            0.004192,            0.004192
                 178,             0.01905,            0.042893,           0.0035715,                   0,                   0,                   0,                   0,                 nan,                 nan,                 nan,            0.004159,            0.004159,            0.004159
                 179,            0.018632,            0.043376,           0.0036154,                   0,                   0,                   0,                   0,                 nan,                 nan,                 nan,            0.004126,            0.004126,            0.004126
                 180,             0.01918,            0.041939,           0.0035625,                   0,                   0,                   0,                   0,                 nan,                 nan,                 nan,            0.004093,            0.004093,            0.004093
                 181,            0.018419,            0.041855,           0.0032929,                   0,                   0,                   0,                   0,                 nan,                 nan,                 nan,             0.00406,             0.00406,             0.00406
                 182,            0.018808,            0.041702,           0.0033282,                   0,                   0,                   0,                   0,                 nan,                 nan,                 nan,            0.004027,            0.004027,            0.004027
                 183,            0.018263,            0.041127,           0.0031953,                   0,                   0,                   0,                   0,                 nan,                 nan,                 nan,            0.003994,            0.003994,            0.003994
                 184,            0.018746,            0.042959,           0.0033722,                   0,                   0,                   0,                   0,                 nan,                 nan,                 nan,            0.003961,            0.003961,            0.003961
                 185,            0.018266,            0.041789,           0.0032304,                   0,                   0,                   0,                   0,                 nan,                 nan,                 nan,            0.003928,            0.003928,            0.003928
                 186,            0.018409,            0.040789,           0.0031119,                   0,                   0,                   0,                   0,                 nan,                 nan,                 nan,            0.003895,            0.003895,            0.003895
                 187,            0.017862,            0.042567,           0.0031111,                   0,                   0,                   0,                   0,                 nan,                 nan,                 nan,            0.003862,            0.003862,            0.003862
                 188,            0.018397,            0.038922,           0.0032918,                   0,                   0,                   0,                   0,                 nan,                 nan,                 nan,            0.003829,            0.003829,            0.003829
                 189,            0.017987,            0.038678,           0.0033245,                   0,                   0,                   0,                   0,                 nan,                 nan,                 nan,            0.003796,            0.003796,            0.003796
                 190,            0.018322,            0.039812,           0.0031954,                   0,                   0,                   0,                   0,                 nan,                 nan,                 nan,            0.003763,            0.003763,            0.003763
                 191,             0.01837,            0.041143,           0.0033408,                   0,                   0,                   0,                   0,                 nan,                 nan,                 nan,             0.00373,             0.00373,             0.00373
                 192,            0.018546,            0.040989,           0.0031855,                   0,                   0,                   0,                   0,                 nan,                 nan,                 nan,            0.003697,            0.003697,            0.003697
                 193,             0.01785,            0.040839,           0.0030338,                   0,                   0,                   0,                   0,                 nan,                 nan,                 nan,            0.003664,            0.003664,            0.003664
                 194,            0.018737,            0.042671,           0.0033427,                   0,                   0,                   0,                   0,                 nan,                 nan,                 nan,            0.003631,            0.003631,            0.003631
                 195,            0.017393,            0.037939,           0.0033927,                   0,                   0,                   0,                   0,                 nan,                 nan,                 nan,            0.003598,            0.003598,            0.003598
                 196,            0.018037,             0.04093,           0.0032012,                   0,                   0,                   0,                   0,                 nan,                 nan,                 nan,            0.003565,            0.003565,            0.003565
                 197,            0.017558,            0.035923,           0.0030211,                   0,                   0,                   0,                   0,                 nan,                 nan,                 nan,            0.003532,            0.003532,            0.003532
                 198,            0.018464,            0.039461,           0.0032969,                   0,                   0,                   0,                   0,                 nan,                 nan,                 nan,            0.003499,            0.003499,            0.003499
                 199,             0.01688,            0.039245,           0.0028962,                   0,                   0,                   0,                   0,                 nan,                 nan,                 nan,            0.003466,            0.003466,            0.003466
                 200,            0.017452,            0.039224,           0.0028938,                   0,                   0,                   0,                   0,                 nan,                 nan,                 nan,            0.003433,            0.003433,            0.003433
                 201,            0.017702,            0.039143,           0.0030483,                   0,                   0,                   0,                   0,                 nan,                 nan,                 nan,              0.0034,              0.0034,              0.0034
                 202,            0.017989,            0.042556,           0.0030569,                   0,                   0,                   0,                   0,                 nan,                 nan,                 nan,            0.003367,            0.003367,            0.003367
                 203,            0.017354,            0.039773,           0.0032413,                   0,                   0,                   0,                   0,                 nan,                 nan,                 nan,            0.003334,            0.003334,            0.003334
                 204,             0.01788,            0.041551,           0.0032598,                   0,                   0,                   0,                   0,                 nan,                 nan,                 nan,            0.003301,            0.003301,            0.003301
                 205,             0.01785,            0.040572,           0.0030323,                   0,                   0,                   0,                   0,                 nan,                 nan,                 nan,            0.003268,            0.003268,            0.003268
                 206,             0.01751,            0.038934,            0.002998,                   0,                   0,                   0,                   0,                 nan,                 nan,                 nan,            0.003235,            0.003235,            0.003235
                 207,            0.017006,            0.037354,           0.0030318,                   0,                   0,                   0,                   0,                 nan,                 nan,                 nan,            0.003202,            0.003202,            0.003202
                 208,            0.017052,            0.039727,           0.0030102,                   0,                   0,                   0,                   0,                 nan,                 nan,                 nan,            0.003169,            0.003169,            0.003169
                 209,             0.01726,            0.039564,           0.0029473,                   0,                   0,                   0,                   0,                 nan,                 nan,                 nan,            0.003136,            0.003136,            0.003136
                 210,            0.017715,            0.039159,           0.0029246,                   0,                   0,                   0,                   0,                 nan,                 nan,                 nan,            0.003103,            0.003103,            0.003103
                 211,            0.016632,            0.037774,             0.00294,                   0,                   0,                   0,                   0,                 nan,                 nan,                 nan,             0.00307,             0.00307,             0.00307
                 212,            0.017359,            0.040679,           0.0028965,                   0,                   0,                   0,                   0,                 nan,                 nan,                 nan,            0.003037,            0.003037,            0.003037
                 213,              0.0172,            0.040436,            0.003118,                   0,                   0,                   0,                   0,                 nan,                 nan,                 nan,            0.003004,            0.003004,            0.003004
                 214,            0.017253,            0.039238,           0.0030915,                   0,                   0,                   0,                   0,                 nan,                 nan,                 nan,            0.002971,            0.002971,            0.002971
                 215,            0.017182,            0.036858,           0.0030729,                   0,                   0,                   0,                   0,                 nan,                 nan,                 nan,            0.002938,            0.002938,            0.002938
                 216,            0.017008,            0.038279,           0.0028497,                   0,                   0,                   0,                   0,                 nan,                 nan,                 nan,            0.002905,            0.002905,            0.002905
                 217,            0.016849,            0.036736,           0.0029028,                   0,                   0,                   0,                   0,                 nan,                 nan,                 nan,            0.002872,            0.002872,            0.002872
                 218,            0.016873,            0.039244,           0.0027544,                   0,                   0,                   0,                   0,                 nan,                 nan,                 nan,            0.002839,            0.002839,            0.002839
                 219,            0.016547,            0.040448,           0.0028143,                   0,                   0,                   0,                   0,                 nan,                 nan,                 nan,            0.002806,            0.002806,            0.002806
                 220,            0.016991,            0.039121,           0.0029299,                   0,                   0,                   0,                   0,                 nan,                 nan,                 nan,            0.002773,            0.002773,            0.002773
                 221,            0.016284,            0.037414,           0.0029718,                   0,                   0,                   0,                   0,                 nan,                 nan,                 nan,             0.00274,             0.00274,             0.00274
                 222,            0.016469,            0.037371,           0.0027258,                   0,                   0,                   0,                   0,                 nan,                 nan,                 nan,            0.002707,            0.002707,            0.002707
                 223,            0.016264,            0.038839,           0.0026699,                   0,                   0,                   0,                   0,                 nan,                 nan,                 nan,            0.002674,            0.002674,            0.002674
                 224,            0.016992,            0.038044,           0.0027733,                   0,                   0,                   0,                   0,                 nan,                 nan,                 nan,            0.002641,            0.002641,            0.002641
                 225,            0.016324,             0.03757,            0.002835,                   0,                   0,                   0,                   0,                 nan,                 nan,                 nan,            0.002608,            0.002608,            0.002608
                 226,             0.01664,            0.039221,           0.0028262,                   0,                   0,                   0,                   0,                 nan,                 nan,                 nan,            0.002575,            0.002575,            0.002575
                 227,            0.016923,            0.038276,           0.0027927,                   0,                   0,                   0,                   0,                 nan,                 nan,                 nan,            0.002542,            0.002542,            0.002542
                 228,            0.016767,            0.039851,           0.0029868,                   0,                   0,                   0,                   0,                 nan,                 nan,                 nan,            0.002509,            0.002509,            0.002509
                 229,             0.01626,            0.037252,           0.0027347,                   0,                   0,                   0,                   0,                 nan,                 nan,                 nan,            0.002476,            0.002476,            0.002476
                 230,            0.016871,             0.03922,           0.0030549,                   0,                   0,                   0,                   0,                 nan,                 nan,                 nan,            0.002443,            0.002443,            0.002443
                 231,            0.016197,            0.040324,           0.0027343,                   0,                   0,                   0,                   0,                 nan,                 nan,                 nan,             0.00241,             0.00241,             0.00241
                 232,            0.016293,            0.039241,           0.0027428,                   0,                   0,                   0,                   0,                 nan,                 nan,                 nan,            0.002377,            0.002377,            0.002377
                 233,            0.016066,            0.036329,           0.0027369,                   0,                   0,                   0,                   0,                 nan,                 nan,                 nan,            0.002344,            0.002344,            0.002344
                 234,            0.016173,            0.038988,           0.0027349,                   0,                   0,                   0,                   0,                 nan,                 nan,                 nan,            0.002311,            0.002311,            0.002311
                 235,            0.015986,            0.036416,           0.0028137,                   0,                   0,                   0,                   0,                 nan,                 nan,                 nan,            0.002278,            0.002278,            0.002278
                 236,            0.016167,             0.03905,           0.0027577,                   0,                   0,                   0,                   0,                 nan,                 nan,                 nan,            0.002245,            0.002245,            0.002245
                 237,            0.015938,            0.035708,            0.002683,                   0,                   0,                   0,                   0,                 nan,                 nan,                 nan,            0.002212,            0.002212,            0.002212
                 238,            0.016409,            0.040373,           0.0027128,                   0,                   0,                   0,                   0,                 nan,                 nan,                 nan,            0.002179,            0.002179,            0.002179
                 239,            0.015536,            0.035455,           0.0025774,                   0,                   0,                   0,                   0,                 nan,                 nan,                 nan,            0.002146,            0.002146,            0.002146
                 240,            0.016081,            0.038054,           0.0026083,                   0,                   0,                   0,                   0,                 nan,                 nan,                 nan,            0.002113,            0.002113,            0.002113
                 241,            0.015794,            0.038144,           0.0027233,                   0,                   0,                   0,                   0,                 nan,                 nan,                 nan,             0.00208,             0.00208,             0.00208
                 242,            0.016011,            0.037726,           0.0027262,                   0,                   0,                   0,                   0,                 nan,                 nan,                 nan,            0.002047,            0.002047,            0.002047
                 243,            0.015829,            0.038189,           0.0027578,                   0,                   0,                   0,                   0,                 nan,                 nan,                 nan,            0.002014,            0.002014,            0.002014
                 244,            0.016004,            0.035718,           0.0028809,                   0,                   0,                   0,                   0,                 nan,                 nan,                 nan,            0.001981,            0.001981,            0.001981
                 245,            0.015556,            0.037711,           0.0026695,                   0,                   0,                   0,                   0,                 nan,                 nan,                 nan,            0.001948,            0.001948,            0.001948
                 246,            0.015635,            0.035251,           0.0024369,                   0,                   0,                   0,                   0,                 nan,                 nan,                 nan,            0.001915,            0.001915,            0.001915
                 247,            0.015711,            0.035549,           0.0027427,                   0,                   0,                   0,                   0,                 nan,                 nan,                 nan,            0.001882,            0.001882,            0.001882
                 248,            0.015675,            0.037048,           0.0026964,                   0,                   0,                   0,                   0,                 nan,                 nan,                 nan,            0.001849,            0.001849,            0.001849
                 249,            0.015402,            0.036536,           0.0024968,                   0,                   0,                   0,                   0,                 nan,                 nan,                 nan,            0.001816,            0.001816,            0.001816
                 250,            0.015884,            0.038679,           0.0025002,                   0,                   0,                   0,                   0,                 nan,                 nan,                 nan,            0.001783,            0.001783,            0.001783
                 251,            0.015462,             0.03653,           0.0023109,                   0,                   0,                   0,                   0,                 nan,                 nan,                 nan,             0.00175,             0.00175,             0.00175
                 252,            0.015854,            0.039625,           0.0024339,                   0,                   0,                   0,                   0,                 nan,                 nan,                 nan,            0.001717,            0.001717,            0.001717
                 253,            0.015501,            0.038037,           0.0024731,                   0,                   0,                   0,                   0,                 nan,                 nan,                 nan,            0.001684,            0.001684,            0.001684
                 254,            0.015539,            0.036591,           0.0024542,                   0,                   0,                   0,                   0,                 nan,                 nan,                 nan,            0.001651,            0.001651,            0.001651
                 255,            0.015234,            0.036181,           0.0025519,                   0,                   0,                   0,                   0,                 nan,                 nan,                 nan,            0.001618,            0.001618,            0.001618
                 256,            0.015315,             0.03742,           0.0025546,                   0,                   0,                   0,                   0,                 nan,                 nan,                 nan,            0.001585,            0.001585,            0.001585
                 257,            0.015286,              0.0361,           0.0024501,                   0,                   0,                   0,                   0,                 nan,                 nan,                 nan,            0.001552,            0.001552,            0.001552
                 258,            0.015589,            0.037873,           0.0026871,                   0,                   0,                   0,                   0,                 nan,                 nan,                 nan,            0.001519,            0.001519,            0.001519
                 259,            0.015082,            0.035645,           0.0024777,                   0,                   0,                   0,                   0,                 nan,                 nan,                 nan,            0.001486,            0.001486,            0.001486
                 260,            0.015281,            0.038246,           0.0025609,                   0,                   0,                   0,                   0,                 nan,                 nan,                 nan,            0.001453,            0.001453,            0.001453
                 261,            0.015345,             0.03681,            0.002451,                   0,                   0,                   0,                   0,                 nan,                 nan,                 nan,             0.00142,             0.00142,             0.00142
                 262,            0.015273,            0.038228,           0.0025205,                   0,                   0,                   0,                   0,                 nan,                 nan,                 nan,            0.001387,            0.001387,            0.001387
                 263,            0.015245,            0.037062,           0.0024932,                   0,                   0,                   0,                   0,                 nan,                 nan,                 nan,            0.001354,            0.001354,            0.001354
                 264,            0.015139,            0.034848,           0.0026495,                   0,                   0,                   0,                   0,                 nan,                 nan,                 nan,            0.001321,            0.001321,            0.001321
                 265,            0.015392,            0.038666,           0.0023735,                   0,                   0,                   0,                   0,                 nan,                 nan,                 nan,            0.001288,            0.001288,            0.001288
                 266,             0.01522,             0.03775,           0.0025111,                   0,                   0,                   0,                   0,                 nan,                 nan,                 nan,            0.001255,            0.001255,            0.001255
                 267,            0.015263,            0.037191,           0.0025333,                   0,                   0,                   0,                   0,                 nan,                 nan,                 nan,            0.001222,            0.001222,            0.001222
                 268,            0.015355,            0.038072,           0.0025697,                   0,                   0,                   0,                   0,                 nan,                 nan,                 nan,            0.001189,            0.001189,            0.001189
                 269,            0.015301,            0.037494,           0.0024918,                   0,                   0,                   0,                   0,                 nan,                 nan,                 nan,            0.001156,            0.001156,            0.001156
                 270,            0.015316,             0.03613,           0.0024947,                   0,                   0,                   0,                   0,                 nan,                 nan,                 nan,            0.001123,            0.001123,            0.001123
                 271,            0.015075,            0.036583,           0.0023673,                   0,                   0,                   0,                   0,                 nan,                 nan,                 nan,             0.00109,             0.00109,             0.00109
                 272,            0.014901,            0.036099,           0.0022558,                   0,                   0,                   0,                   0,                 nan,                 nan,                 nan,            0.001057,            0.001057,            0.001057
                 273,            0.014899,            0.035331,           0.0023957,                   0,                   0,                   0,                   0,                 nan,                 nan,                 nan,            0.001024,            0.001024,            0.001024
                 274,             0.01511,            0.035706,           0.0024586,                   0,                   0,                   0,                   0,                 nan,                 nan,                 nan,            0.000991,            0.000991,            0.000991
                 275,            0.014915,            0.036842,           0.0023628,                   0,                   0,                   0,                   0,                 nan,                 nan,                 nan,            0.000958,            0.000958,            0.000958
                 276,            0.014732,            0.035016,           0.0021877,                   0,                   0,                   0,                   0,                 nan,                 nan,                 nan,            0.000925,            0.000925,            0.000925
                 277,            0.014836,            0.035746,           0.0023185,                   0,                   0,                   0,                   0,                 nan,                 nan,                 nan,            0.000892,            0.000892,            0.000892
                 278,            0.014771,            0.033795,           0.0022318,                   0,                   0,                   0,                   0,                 nan,                 nan,                 nan,            0.000859,            0.000859,            0.000859
                 279,            0.014839,            0.035114,           0.0020991,                   0,                   0,                   0,                   0,                 nan,                 nan,                 nan,            0.000826,            0.000826,            0.000826
                 280,            0.014855,             0.03664,           0.0024476,                   0,                   0,                   0,                   0,                 nan,                 nan,                 nan,            0.000793,            0.000793,            0.000793
                 281,            0.014928,             0.03614,           0.0021972,                   0,                   0,                   0,                   0,                 nan,                 nan,                 nan,             0.00076,             0.00076,             0.00076
                 282,            0.014682,            0.036173,           0.0023796,                   0,                   0,                   0,                   0,                 nan,                 nan,                 nan,            0.000727,            0.000727,            0.000727
                 283,            0.014616,            0.036028,           0.0022116,                   0,                   0,                   0,                   0,                 nan,                 nan,                 nan,            0.000694,            0.000694,            0.000694
                 284,            0.014965,            0.035624,           0.0022875,                   0,                   0,                   0,                   0,                 nan,                 nan,                 nan,            0.000661,            0.000661,            0.000661
                 285,            0.014627,            0.035121,           0.0023477,                   0,                   0,                   0,                   0,                 nan,                 nan,                 nan,            0.000628,            0.000628,            0.000628
                 286,            0.014602,             0.03386,           0.0024114,                   0,                   0,                   0,                   0,                 nan,                 nan,                 nan,            0.000595,            0.000595,            0.000595
                 287,            0.014658,            0.036228,           0.0021471,                   0,                   0,                   0,                   0,                 nan,                 nan,                 nan,            0.000562,            0.000562,            0.000562
                 288,             0.01465,            0.036121,           0.0023221,                   0,                   0,                   0,                   0,                 nan,                 nan,                 nan,            0.000529,            0.000529,            0.000529
                 289,            0.014701,             0.03385,           0.0022534,                   0,                   0,                   0,                   0,                 nan,                 nan,                 nan,            0.000496,            0.000496,            0.000496
                 290,            0.014513,            0.035157,           0.0021885,                   0,                   0,                   0,                   0,                 nan,                 nan,                 nan,            0.000463,            0.000463,            0.000463
                 291,            0.014742,            0.036371,           0.0023411,                   0,                   0,                   0,                   0,                 nan,                 nan,                 nan,             0.00043,             0.00043,             0.00043
                 292,            0.014812,            0.036988,           0.0022431,                   0,                   0,                   0,                   0,                 nan,                 nan,                 nan,            0.000397,            0.000397,            0.000397
                 293,            0.014308,            0.034275,           0.0022471,                   0,                   0,                   0,                   0,                 nan,                 nan,                 nan,            0.000364,            0.000364,            0.000364
                 294,            0.014559,            0.034638,           0.0023109,                   0,                   0,                   0,                   0,                 nan,                 nan,                 nan,            0.000331,            0.000331,            0.000331
                 295,            0.014289,             0.03559,           0.0022641,                   0,                   0,                   0,                   0,                 nan,                 nan,                 nan,            0.000298,            0.000298,            0.000298
                 296,            0.014641,            0.035759,           0.0021661,                   0,                   0,                   0,                   0,                 nan,                 nan,                 nan,            0.000265,            0.000265,            0.000265
                 297,            0.014452,            0.036243,           0.0022684,                   0,                   0,                   0,                   0,                 nan,                 nan,                 nan,            0.000232,            0.000232,            0.000232
                 298,            0.014982,            0.035962,           0.0024848,                   0,                   0,                   0,                   0,                 nan,                 nan,                 nan,            0.000199,            0.000199,            0.000199
                 299,            0.014764,            0.035944,           0.0022964,                   0,                   0,                   0,                   0,                 nan,                 nan,                 nan,            0.000166,            0.000166,            0.000166
